[
    {
        "id": 3,
        "reviewer": {
            "firstname": "Renee",
            "lastname": "B",
            "email": "rlboogren@hotmail.com"
        },
        "business": {
            "category": "Barbershop/hair salon",
            "logotype": "barber",
            "name": "Great Clips",
            "town": "Clawson",
            "county": "Oakland",
            "coords": {
                "latitude": 42.53344,
                "longitude": -83.164589
            },
            "rating": {
                "overall": "4",
                "sights": "3",
                "sounds": "5",
                "friendliness": "4"
                },
            "comments": "My son is a little nervous when it comes to getting his haircut.  He is very motivated by suckers and the staff at Great Clips are so nice to him and cut his hair quickly and let him pick suckers when he is finished."
        }
    },
    {
        "id": 4,
        "reviewer": {
            "firstname": "Ben",
            "lastname": "D",
            "email": "benjduff@gmail.com"
        },
        "business": {
            "category": "Restaurant",
            "logotype": "restaurant",
            "name": "Olga's",
            "town": "Auburn Hills",
            "county": "Oakland",
            "coords": {
                "latitude": 42.679731,
                "longitude": -83.220544
            },
            "rating": {
                "overall": "4",
                "sights": "3",
                "sounds": "3",
                "friendliness": "4"
                },
            "comments": "Good experience overall.  Nice place in Great Lakes Crossing to get a bite to eat and relax."
        }
    },
    {
        "id": 5,
        "reviewer": {
            "firstname": "Ben",
            "lastname": "D",
            "email": "benjduff@gmail.com"
        },
        "business": {
            "category": "Place of recreation",
            "logotype": "recreation",
            "name": "Outdoor World Bass Pro Shop",
            "town": "Auburn Hills",
            "county": "Oakland",
            "coords": {
                "latitude": 42.703183,
                "longitude": -83.298438
            },
            "rating": {
                "overall": "4",
                "sights": "3",
                "sounds": "3",
                "friendliness": "4"
                },
            "comments": "My son loves to look at the fish tanks here.  Also the staff is very accommodating."
        }
    },
    {
        "id": 6,
        "reviewer": {
            "firstname": "Jen",
            "lastname": "L",
            "email": "jglovy@comcast.net"
        },
        "business": {
            "category": "Barbershop/hair salon",
            "logotype": "barber",
            "name": "House of Style",
            "town": "West Bloomfield",
            "county": "Oakland",
            "coords": {
                "latitude": 42.551198,
                "longitude": -83.217747
            },
            "rating": {
                "overall": "5",
                "sights": "3",
                "sounds": "4",
                "friendliness": "1"
                },
            "comments": "Barry has been cutting my sons hair for eight years and he is great with him. He has a lot of experience with children on the spectrum and special needs in general.  When the salon is busy it may be loud (but no more than any other salon)."
        }
    },
    {
        "id": 7,
        "reviewer": {
            "firstname": "Jessica",
            "lastname": "C",
            "email": "jessicacogar@gmail.com"
        },
        "business": {
            "category": "Barbershop/hair salon",
            "logotype": "barber",
            "name": "Cookie Cutters",
            "town": "Canton",
            "county": "Wayne",
            "coords": {
                "latitude": 42.308387,
                "longitude": -83.476883
            },
            "rating": {
                "overall": "4",
                "sights": "4",
                "sounds": "1",
                "friendliness": "4"
                },
            "comments": "I always schedule an appointment to reduce our wait time, but they accept walk-ins as well. They have toys and a slide to occupy the kids if there is a wait. The chairs are shaped like cars and planes, and I believe some have a strap. There are TVs at each station and those provide a good distraction. They work super fast there since they specialize in kids' cuts."
        }
    },
    {
        "id": 8,
        "reviewer": {
            "firstname": "Jill",
            "lastname": "Pernicano",
            "email": "rabbitbloom@yahoo.com"
        },
        "business": {
            "category": "Place of recreation",
            "logotype": "recreation",
            "name": "Quest Martial Arts",
            "town": "Ann Arbor",
            "county": "Washtenaw",
            "coords": {
                "latitude": 42.256616,
                "longitude": -83.7263
            },
            "rating": {
                "overall": "5",
                "sights": "3",
                "sounds": "4",
                "friendliness": "1"
                },
            "comments": "The man I spoke with at Quest Martial Arts recommended the quietest class times and arranged for us to come a half hour before class to get us oriented. We met with him in a private room, and he reviewed exactly what would happen in class, and went over some of the moves with my child. He was calm, reassuring and very good natured. Then my child joined the class and it was a great success. I highly recommend Quest Martial Arts!"
        }
    },
    {
        "id": 9,
        "reviewer": {
            "firstname": "Jen",
            "lastname": "L",
            "email": "jglovy@comcast.net"
        },
        "business": {
            "category": "Place of recreation",
            "logotype": "recreation",
            "name": "Heritage Park",
            "town": "Farmington Hills",
            "county": "Oakland",
            "coords": {
                "latitude": 42.4766746,
                "longitude": -83.3843824 
            },
            "rating": {
                "overall": "5",
                "sights": "2",
                "sounds": "3",
                "friendliness": "2"
                },
            "comments": "Heritage Park has a nice playground with a splash pad (no admission fee).  If crowds are a problem, it's best to go early during the week."
        }
    },
    {
        "id": 10,
        "reviewer": {
            "firstname": "Jessica",
            "lastname": "C",
            "email": "jessicacogar@gmail.com"
        },
        "business": {
            "category": "Restaurant",
            "logotype": "restaurant",
            "name": "Simpler Times Downtown General Store",
            "town": "Flat Rock",
            "county": "Wayne",
            "coords": {
                "latitude": 42.0955595,
                "longitude": -83.2727564
            },
            "rating": {
                "overall": "5",
                "sights": "3",
                "sounds": "1",
                "friendliness": "5"
                },
            "comments": "They are a coffee shop, ice cream parlor, and grocery store all in one. They have a nice selection of gluten free foods. We have tried their GF oatmeal and baking mix, and both were good. A lot of what they sell is Michigan made."
        }
    },
    {
        "id": 11,
        "reviewer": {
            "firstname": "Ron",
            "lastname": "H",
            "email": "hodess@millercanfield.com"
        },
        "business": {
            "category": "Barbershop/hair salon",
            "logotype": "barber",
            "name": "Fantastic Sams",
            "town": "Commerce Township",
            "county": "Oakland",
            "coords": {
                "latitude": 42.598204,
                "longitude": -83.447087 
            },
            "rating": {
                "overall": "5",
                "sights": "4",
                "sounds": "4",
                "friendliness": "1"
                },
            "comments": "Tommy (owner) and Maria and the rest of the stylists have been very accommodating to our family and really understand how to deal with sensory issues with our kids. Thanks Tommy!"
        }
    },
    {
        "id": 999,
        "reviewer": {
            "firstname": "Test",
            "lastname": "Test",
            "email": "test@test.com"
        },
        "business": {
            "category": "Restaurant",
            "logotype": "restaurant",
            "name": "Restaurant",
            "town": "Restaurantville",
            "county": "Oakland",
            "coords": {
                "latitude": 0,
                "longitude": 0
            },
            "rating": {
                "overall": "9",
                "sights": "9",
                "sounds": "9",
                "friendliness": "9"
                },
            "comments": "This was a very nice place. This was a very nice place. This was a very nice place. This was a very nice place. This was a very nice place."
        }
    },
    {
        "id": 998,
        "reviewer": {
            "firstname": "Kelsey",
            "lastname": "H",
            "email": "kelsey.hilbers@detroitlabs.com"
        },
        "business": {
            "category": "Restaurant",
            "logotype": "restaurant",
            "name": "Halo Burger",
            "town": "Flint",
            "county": "Genesee",
            "coords": {
                "latitude": 42.679731,
                "longitude": -83.220544
            },
            "rating": {
                "overall": "4",
                "sights": "3",
                "sounds": "3",
                "friendliness": "4"
                },
            "comments": "Good experience overall.  Nice place when it’s not too busy. Lots of customizable food options. "
        }
    },
    {
        "id": 997,
        "reviewer": {
            "firstname": "Kelsi",
            "lastname": "H",
            "email": "kelsey.hilbers@detroitlabs.com"
        },
        "business": {
            "category": "Restaurant",
            "logotype": "restaurant",
            "name": "Blind Fish",
            "town": "Lapeer",
            "county": "Lapeer",
            "coords": {
                "latitude": 42.679731,
                "longitude": -83.220544
            },
            "rating": {
                "overall": "2",
                "sights": "5",
                "sounds": "3",
                "friendliness": "1"
                },
            "comments": "Crowded and loud, not a good experience. "
        }
    },
    {

        "id": 996,
        "reviewer": {
            "firstname": "Kelso",
            "lastname": "H",
            "email": "kelsey.hilbers@detroitlabs.com"
        },
        "business": {
            "category": "Place of recreation",
            "logotype": "recreation",
            "name": "Riverside Park",
            "town": "Adrian",
            "county": "Lenawee",
            "coords": {
                "latitude": 42.679731,
                "longitude": -83.220544
            },
            "rating": {
                "overall": "4",
                "sights": "2",
                "sounds": "3",
                "friendliness": "3"
                },
            "comments": "A nice park. "
        }
    },
    {
        "id": 995 ,
        "reviewer": {
            "firstname": "Kelso",
            "lastname": "H",
            "email": "kelsey.hilbers@detroitlabs.com"
        },
        "business": {
            "category": "Place of recreation",
            "logotype": "recreation",
            "name": "Family Impact Center",
            "town": "Fowlerville",
            "county": "Livingston",
            "coords": {
                "latitude": 42.679731,
                "longitude": -83.220544
            },
            "rating": {
                "overall": "4",
                "sights": "2",
                "sounds": "5",
                "friendliness": "4"
                },
            "comments": "Great non-profit. "
        }
    },
    {
        "id": 994 ,
        "reviewer": {
            "firstname": "Kelso",
            "lastname": "H",
            "email": "kelsey.hilbers@detroitlabs.com"
        },
        "business": {
            "category": "Place of recreation",
            "logotype": "recreation",
            "name": "Four Bears Water Park",
            "town": "Shelby Township",
            "county": "Macomb",
            "coords": {
                "latitude": 42.679731,
                "longitude": -83.220544
            },
            "rating": {
                "overall": "3",
                "sights": "2",
                "sounds": "3",
                "friendliness": "3"
                },
            "comments": "A nice park when its not too busy and staff isn’t overwhelmed. "
        }
    },
    {
        "id": 993,
        "reviewer": {
            "firstname": "Kelso",
            "lastname": "H",
            "email": "kelsey.hilbers@detroitlabs.com"
        },
        "business": {
            "category": "Babershop/hair salon",
            "logotype": "barber",
            "name": "European Touch",
            "town": "Saint Clair",
            "county": "Saint Clair",
            "coords": {
                "latitude": 42.679731,
                "longitude": -83.220544
            },
            "rating": {
                "overall": "2",
                "sights": "2",
                "sounds": "1",
                "friendliness": "3"
                },
            "comments": "The staff was nice but it was too loud and rowdy. "
        }
    },
    {
        "id": 992,
        "reviewer": {
            "firstname": "Kelso",
            "lastname": "H",
            "email": "kelsey.hilbers@detroitlabs.com"
        },
        "business": {
            "category": "Place of recreation",
            "logotype": "recreation",
            "name": "Farmer’s Market",
            "town": "Ann Arbor",
            "county": "Washtenaw",
            "coords": {
                "latitude": 42.679731,
                "longitude": -83.220544
            },
            "rating": {
                "overall": "4",
                "sights": "4",
                "sounds": "3",
                "friendliness": "5"
                },
            "comments": "A nice walk when its not too busy, the vendors are all friendly and most give out free samples. People here tend to be pretty good about letting kids be hands on with their wares. "
        }
    },
    {
        "id": 991,
        "reviewer": {
            "firstname": "Kelso",
            "lastname": "H",
            "email": "kelsey.hilbers@detroitlabs.com"
        },
        "business": {
            "category": "Place of recreation",
            "logotype": "recreation",
            "name": "The Rink at Campus Martius",
            "town": "Detroit",
            "county": "Wayne",
            "coords": {
                "latitude": 42.679731,
                "longitude": -83.220544
            },
            "rating": {
                "overall": "3",
                "sights": "2",
                "sounds": "3",
                "friendliness": "3"
                },
            "comments": "A nice park when its not too busy and staff isn’t overwhelmed. "
        }
    }
]